"source","lastmodified","image","image_height","image_width","qr","type"
,2025-10-03 10:19:53.511 +0300,,120,120,"60002",mQR
,2025-10-03 10:26:10.600 +0300,,120,120,"60003",mQR
,2025-10-03 10:25:58.535 +0300,,120,120,"60004",mQR
,2025-10-03 10:21:13.313 +0300,,120,120,"60005",mQR
,2025-10-03 10:20:19.093 +0300,,136,136,"6000E",mQR
,2025-10-03 10:21:10.455 +0300,,136,136,"6000G",mQR
,2025-10-02 21:36:00.000 +0300,,,,"60008",mQR
,2025-10-02 21:36:00.000 +0300,,,,"60009",mQR
,2025-10-02 21:36:00.000 +0300,,,,"6000C",mQR
,2025-10-03 10:19:05.429 +0300,,136,136,"6000H",mQR
,2025-10-02 21:36:00.000 +0300,,,,"6000D",mQR
,2025-10-03 10:21:54.618 +0300,,136,136,"6000I",mQR
,2025-10-03 10:22:11.350 +0300,,136,136,"6000J",mQR
,2025-10-03 10:22:21.407 +0300,,136,136,"6000K",mQR
,2025-10-03 10:22:33.097 +0300,,136,136,"6000L",mQR
,2025-10-03 10:23:16.564 +0300,,136,136,"6000M",mQR
,2025-10-03 10:23:30.172 +0300,,136,136,"6000N",mQR
,2025-10-03 10:23:42.067 +0300,,136,136,"6000O",mQR
,2025-10-03 10:23:51.792 +0300,,136,136,"6000P",mQR
,2025-10-03 10:24:03.572 +0300,,136,136,"6000Q",mQR
,2025-10-03 10:20:23.325 +0300,,152,152,"6000r",mQR
,2025-10-03 10:24:12.986 +0300,,136,136,"6000R",mQR
,2025-10-03 10:24:23.504 +0300,,136,136,"6000S",mQR
,2025-10-03 10:25:21.980 +0300,,136,136,"6000T",mQR
,2025-10-03 10:25:39.431 +0300,,136,136,"6000U",mQR
,2025-10-03 10:25:48.217 +0300,,136,136,"6000V",mQR
,2025-10-03 10:20:51.557 +0300,,136,136,"6000W",mQR
,2025-10-03 10:20:46.666 +0300,,136,136,"6000Y",mQR
,2025-10-03 22:03:01.086 +0300,,120,120,"60011",mQR
,2025-10-03 22:03:34.230 +0300,,120,120,"60012",mQR
,2025-10-03 22:03:22.123 +0300,,120,120,"60013",mQR
,2025-10-03 22:10:28.453 +0300,,120,120,"60014",""
,2025-10-03 22:10:36.762 +0300,,120,120,"60015",""
,2025-10-03 22:11:45.153 +0300,,120,120,"60016",""
,2025-10-03 22:18:12.034 +0300,,120,120,"60017",""
,2025-10-03 22:18:27.361 +0300,,120,120,"60018",""
,2025-10-03 22:19:31.743 +0300,,120,120,"60019",""
,2025-10-03 22:20:04.756 +0300,,136,136,"6001A",""
,2025-10-03 22:20:26.014 +0300,,136,136,"6001B",""
,2025-10-05 22:06:58.761 +0300,,136,136,"6001C",""
,2025-10-23 13:12:21.058 +0300,,120,120,"60001",""
,2025-10-23 13:58:13.875 +0300,,232,232,"6000A",""
,2025-10-23 13:58:13.846 +0300,,232,232,"6000B",mQR
,2025-10-23 14:07:54.818 +0300,img/qr/6000F.png,232,232,"6000F",mQR
,2025-10-25 18:06:54.621 +0300,img/qr/60006.png,232,232,"60006",mQR
,2025-10-29 21:05:26.001 +0300,img/qr/6001D.png,232,232,"6001D",""
,2025-10-31 22:00:47.997 +0300,img/qr/6000X.png,232,232,"6000X",mQR
,2025-10-31 22:02:09.945 +0300,img/qr/6000Z.png,232,232,"6000Z",mQR
,2025-11-03 18:28:40.312 +0300,img/qr/6001E.png,232,232,"6001E",""
,2025-10-23 13:00:24.073 +0300,,120,120,"60007",mQR
,2025-10-03 22:03:01.086 +0300,,,,"6001N",mQR
,2025-10-23 14:37:29.712 +0300,img/qr/B0001.png,232,232,B0001,""
,2025-10-23 14:37:29.744 +0300,img/qr/B0002.png,232,232,B0002,""
,2025-10-23 14:37:29.772 +0300,img/qr/B0003.png,232,232,B0003,""
,2025-10-23 14:37:29.800 +0300,img/qr/B0004.png,232,232,B0004,""
,2025-10-23 14:37:29.828 +0300,img/qr/B0005.png,232,232,B0005,""
,2025-10-23 14:37:29.856 +0300,img/qr/B0006.png,232,232,B0006,""
,2025-10-23 14:37:29.884 +0300,img/qr/B0007.png,232,232,B0007,""
,2025-10-23 14:37:29.912 +0300,img/qr/B0008.png,232,232,B0008,""
,2025-10-23 14:37:29.940 +0300,img/qr/B0009.png,232,232,B0009,""
,2025-10-23 14:37:29.968 +0300,img/qr/B000A.png,232,232,B000A,""
,2025-10-26 22:41:11.983 +0300,img/qr/B000B.png,232,232,B000B,""
,2025-10-26 22:41:12.020 +0300,img/qr/B000C.png,232,232,B000C,""
,2025-10-26 22:41:12.053 +0300,img/qr/B000D.png,232,232,B000D,""
,2025-10-26 22:41:12.086 +0300,img/qr/B000E.png,232,232,B000E,""
,2025-10-26 22:41:12.119 +0300,img/qr/B000F.png,232,232,B000F,""
,2025-10-26 22:41:12.153 +0300,img/qr/B000G.png,232,232,B000G,""
,2025-10-26 22:41:12.186 +0300,img/qr/B000H.png,232,232,B000H,""
,2025-10-26 22:41:12.218 +0300,img/qr/B000I.png,232,232,B000I,""
,2025-10-26 22:41:12.252 +0300,img/qr/B000J.png,232,232,B000J,""
,2025-10-26 22:41:12.287 +0300,img/qr/B000K.png,232,232,B000K,""
,2025-10-26 22:41:12.319 +0300,img/qr/B000L.png,232,232,B000L,""
,2025-10-29 21:06:11.347 +0300,img/qr/B000M.png,232,232,B000M,""
,2025-10-29 21:06:11.399 +0300,img/qr/B000N.png,232,232,B000N,""
,2025-10-29 21:06:11.438 +0300,img/qr/B000O.png,232,232,B000O,""
,2025-10-29 21:06:11.479 +0300,img/qr/B000P.png,232,232,B000P,""
,2025-10-29 21:06:11.519 +0300,img/qr/B000Q.png,232,232,B000Q,""
,2025-10-03 22:03:01.086 +0300,,,,"6001O",mQR
,2025-10-03 22:03:01.086 +0300,,,,"6001L",mQR
,2025-10-03 22:03:01.086 +0300,,,,"6001K",mQR
"",2025-10-10 15:07:41.693 +0300,img/qr/6001G.png,136,136,"6001G",""
"",2025-10-10 15:13:14.989 +0300,img/qr/6001H.png,136,136,"6001H",""
"",2025-10-10 15:15:26.342 +0300,img/qr/6001I.png,136,136,"6001I",""
"",2025-10-10 15:18:12.252 +0300,img/qr/6001J.png,136,136,"6001J",""
,2025-10-03 22:03:01.086 +0300,,,,"6001M",mQR
,2025-10-03 22:03:01.086 +0300,,,,"6001P",mQR
"",2025-10-17 11:09:55.106 +0300,,,,"6001Q",""
"",2025-10-21 16:46:35.723 +0300,,,,"6001R",""
"",2025-10-28 10:41:15.429 +0300,,,,"6001S",""
"",2025-10-28 11:14:18.816 +0300,,,,"6001T",""
"",2025-10-28 11:40:28.083 +0300,,,,"6001U",""
"",2025-10-28 11:53:38.963 +0300,,,,"6001V",""
"",2025-10-28 12:04:51.628 +0300,,,,"6001W",""
"",2025-10-28 13:36:39.748 +0300,,,,"6001X",""
"",2025-10-28 14:39:25.411 +0300,,,,"6001Y",""
"",2025-10-28 14:42:46.029 +0300,,,,"6001Z",""
,2025-10-31 22:02:53.171 +0300,img/qr/60020.png,232,232,"60020",""
,2025-11-03 18:30:18.773 +0300,img/qr/60021.png,232,232,"60021",""
