"name","description","category","subcategory","cost","owner_id","lft","rght","lvl","source","lastmodified","type","volume","weight","periodofcover","uom","adi","cv2","demand_pattern","outlier_1b","outlier_6b","outlier_12b","latedemandcount","latedemandquantity","latedemandvalue","unplanneddemandcount","unplanneddemandquantity","unplanneddemandvalue","_erpcode","_qrcode","_barcode"
Адаптер 7807490,,Адаптеры Superseal для гофрированной трубы,,,,9,10,0,,2025-10-03 10:19:53.507 +0300,,,,,шт,,,,,,,,,,,,,КЛ-00023931,"60002",""
Адаптер 1011-263-0405,,,,,,1,2,0,,2025-10-29 15:31:37.048 +0300,,,,,,,,,,,,,,,,,,,,
Адаптер 1011-265-0405,,,,,,3,4,0,,2025-10-29 14:57:08.835 +0300,,,,,,,,,,,,,,,,,,,,
Адаптер 7807128 (NW7.5),,Адаптеры Superseal для гофрированной трубы,,,,5,6,0,,2025-10-20 15:44:22.699 +0300,,,,,,,,,,,,,,,,,,,,
Адаптер 7807192 (NW4.5),,Адаптеры Superseal для гофрированной трубы,,,,7,8,0,,2025-10-03 10:19:49.362 +0300,,,,,шт,,,,,,,,,,,,,"00-00202134","60001",""
Адаптер 7807491 (NW10-NW8.5-NW7.5),,,,,,11,12,0,,2025-10-29 11:03:42.701 +0300,,,,,,,,,,,,,,,,,,,,
Адаптер 7807492,,Адаптеры Superseal для гофрированной трубы,,,,13,14,0,,2025-10-03 10:20:19.084 +0300,,,,,шт,,,,,,,,,,,,,КЛ-00023928,"6000E",""
Адаптер PA66 AMP4-SS 7807039,,Адаптеры Superseal для гофрированной трубы,,,,17,18,0,,2025-10-03 10:20:21.411 +0300,,,,,шт,,,,,,,,,,,,,КЛ-00024201,"6000F",""
БВ-061.10.030А Жгут,,Готовая продукция,,2955.00000000,БВ-061.10.000 Коммуникации электрические,20,21,1,,2025-10-09 11:29:30.732 +0300,,,,,шт,,,,,,,,,,,,,КЛ-00022946,"60006","2000068450074"
БВ-061.10.000 Коммуникации электрические,,Готовая продукция,,,,19,22,0,,2025-10-03 20:41:15.335 +0300,,,,,шт,,,,,,,,,,,,,"00-00033114","6000r","2000068450012"
Вилка 2РМДТ 24КПН10Ш5В1В АШДК.434410.062ТУ,,Разьемы цилиндрические,,,,27,28,0,,2025-10-28 15:04:25.613 +0300,,,,,,,,,,,,,,,,,,,,
Защелка блокирующая W4S,,,,,,57,58,0,,2025-10-29 15:33:58.141 +0300,,,,,,,,,,,,,,,,,,,,
Безконтактный выключатель (нормально замкнутый) ВБИ-М18-44У-2112-Л,,Датчики индуктивные,,,,23,24,0,,2025-10-20 15:22:56.207 +0300,,,,,шт,,,,,,,,,,,,,"00-00133230","6000x",""
Безконтактный выключатель (нормально разомкнутый) ВБИ-М18-44У-2111-Л,,Датчики индуктивные,,,,25,26,0,,2025-10-03 22:10:28.443 +0300,,,,,шт,,,,,,,,,,,,,"00-00133231","",""
Вилка ПС 300А-150 ГОСТ 92000,,Разъемы цилиндрические,,,,31,32,0,,2025-10-03 10:20:46.660 +0300,,,,,шт,,,,,,,,,,,,,"00-00258326","6000Y",""
ДХ-1080.10.010А Жгут,,Готовая продукция,,2750.00000000,ДХ-1080.10.000А Коммуникации электрические,54,55,1,,2025-10-09 09:14:44.288 +0300,,,,,шт,,,,,,,,,,,,,КЛ-00022971,"6000v","2000068450098"
ДХ-1080.10.000А Коммуникации электрические,,Готовая продукция,,,,53,56,0,,2025-10-20 15:45:17.174 +0300,,,,,шт,,,,,,,,,,,,,"00-00141771","6000m","2000068450036"
Защелка блокрующая W4P,,,,,,59,60,0,,2025-10-29 15:01:55.049 +0300,,,,,,,,,,,,,,,,,,,,
Колодка гнездовая 282087-1,,,,,,61,62,0,,2025-10-29 11:04:50.581 +0300,,,,,,,,,,,,,,,,,,,,
Колодка гнездовая 602604 ОСТ 37.003.032-88,,Колодки гнездовые по ОСТ 37.003.032-88,,,,65,66,0,,2025-10-03 10:23:16.559 +0300,,,,,шт,,,,,,,,,,,,,"00-00085928","6000M",""
Колодка гнездовая 602606 ОСТ 37.003.032-88,,Колодки гнездовые по ОСТ 37.003.032-88,,,,67,68,0,,2025-10-03 10:23:30.166 +0300,,,,,шт,,,,,,,,,,,,,"00-00133239","6000N",""
Колодка гнездовая DT06-4S-C015,,,,,,69,70,0,,2025-10-29 15:36:58.694 +0300,,,,,,,,,,,,,,,,,,,,
Колодка гнездовая SS 282088-1,,Корпуса разъёмов Superseal,,,,71,72,0,,2025-10-03 10:23:42.062 +0300,,,,,шт,,,,,,,,,,,,,"00-00152703","6000O",""
Колодка штыревая 282104-1,,,,,,73,74,0,,2025-10-21 16:45:30.000 +0300,,,,,,,,,,,,,,,,,,,,
Колодка штыревая 502606 ОСТ 37.003.032-88,,Колодки штыревые по ОСТ 37.003.032-88,,,,75,76,0,,2025-10-03 10:23:51.779 +0300,,,,,шт,,,,,,,,,,,,,"00-00133234","6000P",""
Колодка штыревая DT04-4P-C015,,,,,,77,78,0,,2025-10-29 15:05:54.791 +0300,,,,,,,,,,,,,,,,,,,,
Колодка штырьевая 502602 ОСТ 37.003.032-88,,Колодки штыревые по ОСТ 37.003.032-88,,,,79,80,0,,2025-10-03 10:24:03.567 +0300,,,,,шт,,,,,,,,,,,,,"00-00204183","6000Q",""
Контакт  - гнездо – 282110-1,,Гнездовой контакт Superseal,,,,81,82,0,,2025-10-30 16:01:35.108 +0300,,,,,шт,,,,,,,,,,,,,"00-00118096","6000R",""
Контакт 282110-1,,Гнездовой контакт Superseal,,,,83,84,0,,2025-10-03 10:24:23.497 +0300,,,,,шт,,,,,,,,,,,,,"00-00213785","6000S",""
Контакт гнездовой 202612 -11 ОСТ 37.003.032-88,,,,,,87,88,0,,2025-10-29 09:58:39.754 +0300,,,,,,,,,,,,,,,,,,,,
Контакт гнездовой 202613-11 ОСТ 37.003.032-88,,,,,,89,90,0,,2025-10-29 09:23:01.173 +0300,,,,,,,,,,,,,,,,,,,,
Контакт гнездовой 282110-1,,,,,,91,92,0,,2025-10-29 10:33:46.753 +0300,,,,,,,,,,,,,,,,,,,,
Контакт штыревой 103612-11 ОСТ 37.003.032-88,,Контакт штыревой,,,,93,94,0,,2025-10-28 15:48:04.840 +0300,,,,,,,,,,,,,,,,,,,,
Контакт штыревой 282109-1,,,,,,97,98,0,,2025-10-21 16:45:30.010 +0300,,,,,,,,,,,,,,,,,,,,
Контакт штыревой 282465-1,,,,,,99,100,0,,2025-10-21 16:45:30.015 +0300,,,,,,,,,,,,,,,,,,,,
Корпус разъёма гнездовой 2 конт. 282080-1,,Корпуса разъёмов Superseal,,,,101,102,0,,2025-10-03 10:25:21.975 +0300,,,,,шт,,,,,,,,,,,,,"00-00152726","6000T",""
Корпус разъёма гнездовой 5 кон. 282089-1,,Корпуса разъёмов Superseal,,,,103,104,0,,2025-10-03 10:25:39.422 +0300,,,,,шт,,,,,,,,,,,,,"00-00001812","6000U",""
Корпус разъёма штырьевой 5 кон. 282107-1,,Корпуса разъёмов Superseal,,,,105,106,0,,2025-10-03 10:25:48.212 +0300,,,,,шт,,,,,,,,,,,,,"00-00001808","6000V",""
"Лента ПВХ 15*0,2, черная ГОСТ 16214-86",,,,,,107,108,0,,2025-10-29 08:47:26.812 +0300,,,,,,,,,,,,,,,,,,,,
МД-800.10.040Б Жгут,,Готовая продукция,,4000.00000000,,109,110,0,,2025-10-09 09:14:58.116 +0300,,,,,шт,,,,,,,,,,,,,КЛ-00023883,"6000q","2000068450043"
Наконечник 45 7373 8528 ОСТ 37.003.040-81,,Наконечники проводов по ОСТ 37.003.040-81,,,,111,112,0,,2025-10-21 16:45:30.018 +0300,,,,,шт,,,,,,,,,,,,,"00-00298508","60004",""
Наконечник 45 7373 8529 ОСТ 37.003.040-81,,Наконечники проводов по ОСТ 37.003.040-81,,,,113,114,0,,2025-10-21 16:45:30.022 +0300,,,,,шт,,,,,,,,,,,,,"00-00070960","60003",""
ОП-3200-24.01.11.210В Жгут А,,Готовая продукция,,,,117,118,0,,2025-10-21 16:16:43.059 +0300,,,,,,,,,,,,,,,,,,,,
ПМА-4000.10.200 Жгут,,Готовая продукция,,4000.00000000,ПМА-4000.10.000A-01 Коммуникации электрические,120,121,1,,2025-10-09 09:06:57.140 +0300,,,,,шт,,,,,,,,,,,,,КЛ-00022960,"6000t","2000068450067"
ПМА-4000.10.000A-01 Коммуникации электрические,,Готовая продукция,,,,119,122,0,,2025-10-05 22:05:06.734 +0300,,,,,шт,,,,,,,,,,,,,"00-00194098","6000s","2000068450005"
ПМА-4000.10.010 Жгут А,,Готовая продукция,,1485.00000000,ПМА-5000.14.10.000 Коммуникации электрические,124,125,1,,2025-10-20 15:24:19.978 +0300,,,,,шт,,,,,,,,,,,,,КЛ-00022953,"6000w","2000068450104"
ПМА 4000.10.030 Жгут фонарей,,Готовая продукция,,2985.00000000,ПМА-5000.14.10.000 Коммуникации электрические,126,127,1,,2025-10-05 22:06:58.901 +0300,,,,,шт,,,,,,,,,,,,,КЛ-00022944,"",""
ПМА-5000.14.10.000 Коммуникации электрические,,Готовая продукция,,,,123,128,0,,2025-10-05 22:05:01.184 +0300,,,,,шт,,,,,,,,,,,,,"00-00150647","6000p","2000068450050"
ППР-150.04.00.340В Кабель фонарей,,Готовая продукция,,804.00000000,ППР-150.04.00.000 Установка электрооборудования,132,133,1,,2025-07-10 11:17:58.107 +0300,,,,,шт,,,,,,,,,,,,,КЛ-00023859,"",""
ППР-150.04.00.200А Кабель,,Готовая продукция,,1388.50000000,ППР-150.04.00.000 Установка электрооборудования,134,135,1,,2025-10-09 09:14:30.356 +0300,,,,,шт,,,,,,,,,,,,,"00-00183471","6000u","2000068450081"
ППТ-042.11.020 Жгут А,,Готовая продукция,,,,155,156,0,,2025-10-29 11:34:04.262 +0300,,,,,,,,,,,,,,,,,,,,
Адаптер 7807492 (NW10-NW8.5-NW7.5),,,,,,15,16,0,,2025-10-29 10:30:28.884 +0300,,,,,,,,,,,,,,,,,,,,
Контакт гнездовой 1062-16-0644,,,,,,85,86,0,,2025-10-29 15:39:20.381 +0300,,,,,,,,,,,,,,,,,,,,
Контакт штыревой 1060-16-0144,,,,,,95,96,0,,2025-10-29 15:10:39.206 +0300,,,,,,,,,,,,,,,,,,,,
ППР-150.04.00.030Б Кабель с датчиками,,Готовая продукция,,3276.00000000,ППР-150.04.00.000 Установка электрооборудования,130,131,1,,2025-10-05 22:04:53.141 +0300,,,,,шт,,,,,,,,,,,,,"00-00183470","6000n",""
ППР-150.04.00.090Б Кабель к пульту,,Готовая продукция,,1316.00000000,ППР-150.04.00.000 Установка электрооборудования,136,137,1,,2025-07-10 11:17:57.941 +0300,,,,,шт,,,,,,,,,,,,,"00-00297337","",""
"ППР-150.04.00.320А Кабель ""Розетка-колодка штыревая""",,Готовая продукция,,720.00000000,ППР-150.04.00.000 Установка электрооборудования,138,139,1,,2025-07-10 11:17:58.066 +0300,,,,,шт,,,,,,,,,,,,,КЛ-00023634,"",""
ППР-150.04.00.300 Кабель питания фонарей,,Готовая продукция,,1273.00000000,ППР-150.04.00.000 Установка электрооборудования,140,141,1,,2025-07-10 11:17:58.022 +0300,,,,,шт,,,,,,,,,,,,,КЛ-00023873,"",""
ППР-150.04.00.000 Установка электрооборудования,,Готовая продукция,,,,129,142,0,,2025-08-03 18:47:21.934 +0300,,,,,шт,,,,,,,,,,,,,"00-00183469","6000o","2000068450029"
ППР-150.04.00.090В Кабель к пульту,Готовая продукция,,,,,145,146,0,,2025-10-28 10:41:15.427 +0300,,,,,,,,,,,,,,,,,,,,
ППР-150.04.00.200Б Кабель,,,,,,147,148,0,,2025-10-28 11:14:18.814 +0300,,,,,,,,,,,,,,,,,,,,
ППР-150.04.00.300А Кабель питания фонарей,,,,,,149,150,0,,2025-10-28 11:40:28.081 +0300,,,,,,,,,,,,,,,,,,,,
ППР-150.04.00.320Б Кабель розетка-колодка штыревая,Готовая продукция,,,,,151,152,0,,2025-10-28 12:05:38.866 +0300,,,,,,,,,,,,,,,,,,,,
ППР-150.04.00.340Г Кабель фонарей,Готовая продукция,,,,,153,154,0,,2025-10-28 12:04:51.626 +0300,,,,,,,,,,,,,,,,,,,,
ППТ-042.11.030 Жгут Б,,Готовая продукция,,,,157,158,0,,2025-10-29 11:44:29.935 +0300,,,,,,,,,,,,,,,,,,,,
Припой Прв КР3 ПОС 61 ГОСТ 21931-76,,Пайка: Припои оловянно-свинцовые,,,,159,160,0,,2025-07-14 15:58:35.349 +0300,,,,,кг,,,,,,,,,,,,,"00-00133274","",""
"Провод ПВА-1,0-К ГОСТ 9751-77",,Провода автотракторные,,,,161,162,0,,2025-07-10 13:42:22.694 +0300,,,,,м,,,,,,,,,,,,,"00-00133245","",""
"Провод ПВА-1,0-Кр ГОСТ 9751-77",,Провода автотракторные,,,,163,164,0,,2025-07-10 13:42:22.739 +0300,,,,,м,,,,,,,,,,,,,"00-00067744","",""
"Провод ПВА-1,0-С ГОСТ 9751-77",,Провода автотракторные,,,,165,166,0,,2025-07-10 13:42:22.785 +0300,,,,,м,,,,,,,,,,,,,"00-00112067","",""
Провод ПВА-1.0-Б ГОСТ 9751-77,,Провода автотракторные,,,,167,168,0,,2025-07-10 13:42:22.828 +0300,,,,,м,,,,,,,,,,,,,"00-00133246","",""
Провод ПВА-1.0-Ж ГОСТ 9751-77,,Провода автотракторные,,,,169,170,0,,2025-07-10 13:42:22.870 +0300,,,,,м,,,,,,,,,,,,,"00-00133247","",""
Провод ПВА-1.0-З ГОСТ 9751-77,,Провода автотракторные,,,,171,172,0,,2025-07-10 13:42:22.912 +0300,,,,,м,,,,,,,,,,,,,"00-00133248","",""
Провод ПВА-1.0-Ч ГОСТ 9751-77,,Провода автотракторные,,,,173,174,0,,2025-07-10 13:42:22.953 +0300,,,,,м,,,,,,,,,,,,,"00-00133249","",""
"Провод ПВАМ – 0,75-Б ТУ 16.К05-015-2002",,Провода гибкие автотракторные,,,,175,176,0,,2025-08-02 14:02:45.350 +0300,,,,,м,,,,,,,,,,,,,"00-00235480","60007",""
"Провод ПВАМ – 0,75-Ж ТУ 16.К05-015-2002",,Провода гибкие автотракторные,,,,177,178,0,,2025-08-02 16:22:27.826 +0300,,,,,м,,,,,,,,,,,,,КЛ-00023940,"60008",""
"Провод ПВАМ – 0,75-З ТУ 16.К05-015-2002",,Провода гибкие автотракторные,,,,179,180,0,,2025-08-02 16:22:27.923 +0300,,,,,м,,,,,,,,,,,,,КЛ-00023942,"60009",""
"Провод ПВАМ – 0,75-К ТУ 16.К05-015-2002",,Провода гибкие автотракторные,,,,181,182,0,,2025-08-02 16:22:27.941 +0300,,,,,м,,,,,,,,,,,,,"00-00187678","6000A",""
"Провод ПВАМ – 0,75-Ч ТУ 16.К05-015-2002",,Провода гибкие автотракторные,,,,183,184,0,,2025-08-02 16:22:27.956 +0300,,,,,м,,,,,,,,,,,,,"00-00235481","6000B",""
"Провод ПВАМ – 1,0 Ж ТУ 16.К05-015-2002",,Провода гибкие автотракторные,,,,185,186,0,,2025-08-02 20:19:55.267 +0300,,,,,м,,,,,,,,,,,,,"","",""
"Провод ПВАМ – 1,0-Б ТУ 16.К05-015-2002",,Провода гибкие автотракторные,,,,187,188,0,,2025-08-02 16:23:10.139 +0300,,,,,м,,,,,,,,,,,,,"00-00060822","6000C",""
"Провод ПВАМ – 1,0-Ж ТУ 16.К05-015-2002",,Провода гибкие автотракторные,,,,189,190,0,,2025-08-02 20:21:40.892 +0300,,,,,м,,,,,,,,,,,,,КЛ-00023939,"6000l",""
"Провод ПВАМ – 1,0-З ТУ 16.К05-015-2002",,Провода гибкие автотракторные,,,,191,192,0,,2025-08-02 16:25:18.189 +0300,,,,,м,,,,,,,,,,,,,КЛ-00023937,"6000D",""
"Провод ПВАМ – 1,0-К ТУ 16.К05-015-2002",,Провода гибкие автотракторные,,,,193,194,0,,2025-07-10 11:15:41.559 +0300,,,,,м,,,,,,,,,,,,,"00-00060820","",""
"Провод ПВАМ – 1,0-Ч ТУ 16.К05-015-2002",,Провода гибкие автотракторные,,,,195,196,0,,2025-07-10 11:15:41.600 +0300,,,,,м,,,,,,,,,,,,,"00-00060821","",""
"Провод ПВАМ-1,0-С ТУ 16.К05-015-2002",,Провода гибкие автотракторные,,,,199,200,0,,2025-10-30 15:12:40.315 +0300,,,,,,,,,,,,,,,,,,,,
"Провод ПВАМ-1,5-Б ТУ 16.К05-015-2002",,Провода гибкие автотракторные,,,,201,202,0,,2025-10-21 16:41:47.133 +0300,,,,,,,,,,,,,,,,,,,,
"Провод ПВАМ-1,5-Г ТУ 16.К05-015-2002",,Провода гибкие автотракторные,,,,203,204,0,,2025-10-21 16:41:47.143 +0300,,,,,,,,,,,,,,,,,,,,
"Провод ПВАМ-2,5-Б ТУ 16.К05-015-2002",,Провода гибкие автотракторные,,,,205,206,0,,2025-10-21 16:41:47.148 +0300,,,,,,,,,,,,,,,,,,,,
"Провод ПВАМ-2,5-Г ТУ 16.К05-015-2002",,Провода гибкие автотракторные,,,,207,208,0,,2025-10-21 16:41:47.152 +0300,,,,,,,,,,,,,,,,,,,,
Пыльник для розетки TFG301RW,,,,,,209,210,0,,2025-10-28 16:50:48.272 +0300,,,,,,,,,,,,,,,,,,,,
Розетка ПС-300А3 ГОСТ 9200-76,,Разьемы цилиндрические,,,,233,234,0,,2025-10-28 16:45:44.900 +0300,,,,,,,,,,,,,,,,,,,,
Вилка 2РМДТ 24КПН10Ш5В1В ГЕО 364.126.ТУ,,Разъемы цилиндрические,,,,29,30,0,,2025-10-03 22:10:36.755 +0300,,,,,шт,,,,,,,,,,,,,"00-00049957","",""
Вилка ПС 300А3 ГОСТ 9200-76,,Разъемы цилиндрические,,,,33,34,0,,2025-10-03 10:20:49.061 +0300,,,,,шт,,,,,,,,,,,,,"00-00267973","6000Z",""
Вилка ПС300А3 ГОСТ 9200-76,,Разъемы цилиндрические,,,,35,36,0,,2025-10-03 10:21:16.055 +0300,,,,,шт,,,,,,,,,,,,,"00-00086002","6000X",""
Вилка ПС300А3-150 ГОСТ 9200-76,,Разъемы цилиндрические,,,,37,38,0,,2025-10-03 10:20:51.547 +0300,,,,,шт,,,,,,,,,,,,,"00-00071053","6000W",""
Гнездо 202212 ОСТ 37.003.032-88,,Гнездовые контакты по ОСТ 37.003.032-88,,,,39,40,0,,2025-10-03 10:21:13.308 +0300,,,,,шт,,,,,,,,,,,,,"00-00041099","60005",""
Гнездо 202612-11 ОСТ 37.003.032-88,,Гнездовые контакты по ОСТ 37.003.032-88,,,,41,42,0,,2025-10-03 10:21:10.449 +0300,,,,,шт,,,,,,,,,,,,,КЛ-00023118,"6000G",""
Гнездо 202613 ОСТ 37.003.032-88,,Гнездовые контакты по ОСТ 37.003.032-88,,,,43,44,0,,2025-10-03 10:18:46.617 +0300,,,,,шт,,,,,,,,,,,,,"00-00152693","6000H",""
Гнездо 203612 ОСТ 37.003.032-88,,Гнездовые контакты по ОСТ 37.003.032-88,,,,45,46,0,,2025-10-03 10:22:11.345 +0300,,,,,шт,,,,,,,,,,,,,"00-00150338","6000J",""
Гнездо 203612-11 ОСТ 37.003.032-88,,Гнездовые контакты по ОСТ 37.003.032-88,,,,47,48,0,,2025-10-03 10:21:54.611 +0300,,,,,шт,,,,,,,,,,,,,КЛ-00023121,"6000I",""
Гнездо 203613 ОСТ 37.003.032-88,,Гнездовые контакты по ОСТ 37.003.032-88,,,,49,50,0,,2025-10-03 10:22:21.397 +0300,,,,,шт,,,,,,,,,,,,,"00-00133232","6000K",""
Гнездо 282110-1,,Гнездовой контакт Superseal,,,,51,52,0,,2025-10-03 10:22:33.087 +0300,,,,,шт,,,,,,,,,,,,,"00-00001811","6000L",""
Колодка гнездовая 282088-1,,,,,,63,64,0,,2025-10-29 10:31:57.650 +0300,,,,,,,,,,,,,,,,,,,,
"Наконечник НШВ 1,0-8",,,,,,115,116,0,,2025-10-28 16:47:55.328 +0300,,,,,,,,,,,,,,,,,,,,
ППР-150.04.00.030В Кабель с датчиками,Готовая продукция,,,,,143,144,0,,2025-10-28 13:36:39.745 +0300,,,,,,,,,,,,,,,,,,,,
"Провод ПВАМ-1,0-Кч ТУ 16.К05-015-2002",,Провода гибкие автотракторные,,,,197,198,0,,2025-10-30 15:12:48.928 +0300,,,,,,,,,,,,,,,,,,,,
Разветвитель 9806082,"Т-тройник B 7,5-7,5-7,5",Разветвители для гофрированной трубы,,,,211,212,0,,2025-10-03 10:26:20.684 +0300,,,,,шт,,,,,,,,,,,,,КЛ-00023987,"6000a",""
Разветвитель 9806087,,,,,,213,214,0,,2025-10-29 15:12:51.787 +0300,,,,,,,,,,,,,,,,,,,,
Разветвитель 9806105 Schlemmer,"Т-тройник B 10-4,5-10",Разветвители для гофрированной трубы,,,,215,216,0,,2025-10-03 10:26:38.982 +0300,,,,,шт,,,,,,,,,,,,,"00-00152735","6000b",""
Разветвитель 9806111,,,,,,217,218,0,,2025-10-21 16:46:06.528 +0300,,,,,,,,,,,,,,,,,,,,
Разветвитель 9806133,"Т-тройник B 8,5-8,5-8,5",Разветвители для гофрированной трубы,,,,219,220,0,,2025-10-03 10:26:56.794 +0300,,,,,шт,,,,,,,,,,,,,КЛ-00023986,"6000c",
Разветвитель 9806138,Т-тройник B 10-10-10,Разветвители для гофрированной трубы,,,,221,222,0,,2025-10-03 10:27:12.073 +0300,,,,,шт,,,,,,,,,,,,,"00-00207775","6000d",""
Разветвитель 9806168,"Т-тройник B 7,5-7,5-4,5",Разветвители для гофрированной трубы,,,,223,224,0,,2025-10-03 10:27:20.742 +0300,,,,,шт,,,,,,,,,,,,,КЛ-00023982,"6000e",""
Разветвитель 9806170,"Т-тройник B 10-7,5-4,5",Разветвители для гофрированной трубы,,,,225,226,0,,2025-10-03 10:27:34.103 +0300,,,,,шт,,,,,,,,,,,,,КЛ-00023983,"6000f",""
Разветвитель 9806180,"Т-тройник B 7,5-10-7,5",Разветвители для гофрированной трубы,,,,227,228,0,,2025-10-03 10:27:43.719 +0300,,,,,шт,,,,,,,,,,,,,КЛ-00023980,"6000g",""
Разветвитель 9810100,А-разветвитель А 10-10,Разветвители для гофрированной трубы,,,,229,230,0,,2025-10-03 10:28:24.939 +0300,,,,,шт,,,,,,,,,,,,,КЛ-00023985,"6000h",""
Розетка 2РМДТ 24 БПН10Г5В1В ГЕО 364.126.ТУ,,Разъемы цилиндрические,,,,231,232,0,,2025-10-21 16:46:35.720 +0300,,,,,шт,,,,,,,,,,,,,"00-00133261","",""
Розетка ПС-300А3-100 ГОСТ 9200-76,,Разъемы цилиндрические,,,,235,236,0,,2025-10-21 16:46:35.733 +0300,,,,,шт,,,,,,,,,,,,,"00-00070956","6000i",""
Скоба 2108-3724601,,Скобы соединительные,,,,237,238,0,,2025-07-10 13:42:23.751 +0300,,,,,шт,,,,,,,,,,,,,"00-00202144","",""
Скоба 2108-3724602,,Скобы соединительные,,,,239,240,0,,2025-07-10 13:42:23.793 +0300,,,,,шт,,,,,,,,,,,,,"00-00202145","",""
"Трубка 305 ТВ-40, 12, белая первого сорта ГОСТ 19034-82",,Трубки ПВХ,,,,241,242,0,,2025-07-10 13:42:23.920 +0300,,,,,м,,,,,,,,,,,,,"00-00001480","",""
Флюс ЛТИ-120,,Пайка: флюс,,,,295,296,0,,2025-10-03 22:18:27.346 +0300,,,,,л,,,,,,,,,,,,,"00-00081751","",""
"Трубка 305 ТВ-40, 8, черная, первого сорта ГОСТ 19034-82",,Трубки ПВХ,,,,243,244,0,,2025-07-10 13:42:24.007 +0300,,,,,м,,,,,,,,,,,,,"00-00252066","",""
"Трубка 305 ТВ40, 10 белая первого сорта ГОСТ 19034-82",,Трубки ПВХ,,,,245,246,0,,2025-07-10 13:42:23.834 +0300,,,,,м,,,,,,,,,,,,,"00-00133244","",""
"Трубка 305 ТВ40, 8 белая первого сорта ГОСТ 19034-82",,Трубки ПВХ,,,,247,248,0,,2025-07-10 13:42:23.964 +0300,,,,,м,,,,,,,,,,,,,"00-00269143","",""
Трубка гибка гофрированная 4Р910В ТУ 2247-002-47022248-2008,,Трубы гофрированные автомобильные,,,,249,250,0,,2025-07-10 13:42:24.050 +0300,,,,,м,,,,,,,,,,,,,"00-00001810","",""
Трубка гибкая гофрированная 4Р904В  ТУ 2247-002-47022248-2008,,Трубы гофрированные автомобильные,,,,251,252,0,,2025-07-10 13:42:24.097 +0300,,,,,м,,,,,,,,,,,,,"00-00207785","",""
Трубка гибкая гофрированная 4Р907В  ТУ 2247-002-47022248-2006,,Трубы гофрированные автомобильные,,,,253,254,0,,2025-07-10 13:42:24.141 +0300,,,,,м,,,,,,,,,,,,,"00-00043584","",""
Трубка гофрированная 40907В ТУ 2247-002-47022248-2008,,Трубы гофрированные автомобильные,,,,255,256,0,,2025-10-03 22:03:34.226 +0300,,,,,м,,,,,,,,,,,,,"00-00235482","60012",""
Трубка гофрированная 40910В ТУ 2247-002-47022248-2008,,Трубы гофрированные автомобильные,,,,257,258,0,,2025-10-03 22:03:22.119 +0300,,,,,м,,,,,,,,,,,,,"00-00286993","60013",""
Трубка гофрированная 4О907В ТУ 2247-002-47022248-2008,,Трубы гофрированные автомобильные,,,,259,260,0,,2025-10-03 22:03:41.483 +0300,,,,,м,,,,,,,,,,,,,"00-00235482","6000y",""
Трубка гофрированная 4О908В ТУ 2247-002-47022248-2008,,Трубы гофрированные автомобильные,,,,261,262,0,,2025-07-10 13:42:24.265 +0300,,,,,м,,,,,,,,,,,,,КЛ-00023919,"",""
Трубка гофрированная 4О910В ТУ 2247-002-47022248-2008,,Трубы гофрированные автомобильные,,,,263,264,0,,2025-10-03 22:03:01.078 +0300,,,,,м,,,,,,,,,,,,,"00-00286993","60011",""
Трубка гофрированная ДКС 4Р904В,,Трубы гофрированные автомобильные,,,,265,266,0,,2025-07-10 13:42:24.308 +0300,,,,,м,,,,,,,,,,,,,"00-00044344","",""
"Трубка термоусадочная ТТК-(3:1)-12/4, черная (КВТ) ТУ 2247-021-97284872-2006",,Трубки термоусадочные клеевые,,,,267,268,0,,2025-07-10 13:42:24.352 +0300,,,,,м,,,,,,,,,,,,,КЛ-00023969,"",""
"Трубка термоусадочная ТТК-(3:1)-25/8, черная (КВТ) ТУ 2247-021-97284872-2006",,Трубки термоусадочные клеевые,,,,269,270,0,,2025-07-10 13:42:24.397 +0300,,,,,м,,,,,,,,,,,,,КЛ-00023970,"",""
Трубка термоусадочная ТТК-(3:1)-30/10 черная (КВТ) ТУ 2247-021-97284872-2006,,Трубки термоусадочные клеевые,,,,271,272,0,,2025-10-27 16:20:59.553 +0300,,,,,,,,,,,,,,,,,,,,
"Трубка термоусадочная ТТК-(3:1)-4,8/1,6, черная (КВТ) ТУ 2247-021-97284872-2006",,Трубки термоусадочные клеевые,,,,273,274,0,,2025-07-10 13:42:24.443 +0300,,,,,м,,,,,,,,,,,,,КЛ-00023968,"",""
"Трубка термоусадочная ТТК-(4:1)-16/4, черная (КВТ) ТУ 2247-021-97284872-2006",,Трубки термоусадочные клеевые,,,,275,276,0,,2025-07-10 11:23:40.927 +0300,,,,,м,,,,,,,,,,,,,"00-00060842","",""
Трубка термоусадочная ТТК-(4:1)-24/6 черная (КВТ) ТУ 2247-021-97284872-2006,,,,,,277,278,0,,2025-10-29 14:34:57.333 +0300,,,,,,,,,,,,,,,,,,,,
"Трубка термоусадочная ТТК-(4:1)-6/1,5, черная (КВТ) ТУ 2247-021-97284872-2006",,Трубки термоусадочные клеевые,,,,279,280,0,,2025-07-10 11:23:41.031 +0300,,,,,м,,,,,,,,,,,,,КЛ-00023965,"",""
"Трубка термоусадочная ТТК-(4:1)-8/2, черная (КВТ) ТУ 2247-021-97284872-2006",,Трубки термоусадочные клеевые,,,,281,282,0,,2025-07-10 13:42:24.525 +0300,,,,,м,,,,,,,,,,,,,КЛ-00023966,"",""
Трубка термоусадочная ТУТ-12/6 желтая (КВТ) ТУ 2247-011-79523310-2006,,Трубки термоусадочные,,,,283,284,0,,2025-07-10 13:42:24.571 +0300,,,,,м,,,,,,,,,,,,,"00-00060846","",""
Трубка термоусадочная ТУТ-12/6 зеленая (КВТ) ТУ 2247-011-79523310-2006,,Трубки термоусадочные,,,,285,286,0,,2025-07-10 13:42:24.618 +0300,,,,,м,,,,,,,,,,,,,"00-00060847","",""
"Трубка термоусадочная ТУТ-16/8, желтая (КВТ) ТУ 2247-011-79523310-2006",,Трубки термоусадочные,,,,287,288,0,,2025-07-10 11:23:41.086 +0300,,,,,м,,,,,,,,,,,,,КЛ-00023971,"",""
"Трубка термоусадочная ТУТ-16/8, зеленая (КВТ) ТУ 2247-011-79523310-2006",,Трубки термоусадочные,,,,289,290,0,,2025-07-10 11:23:41.139 +0300,,,,,м,,,,,,,,,,,,,КЛ-00023972,"",""
Уплотнитель провода 281934-2,,Уплотнители Superseal для проводов,,,,291,292,0,,2025-10-21 16:33:30.828 +0300,,,,,шт,,,,,,,,,,,,,"00-00213786","6000k",""
Уплотнитель провода 281934-3,,Уплотнители Superseal для проводов,,,,293,294,0,,2025-10-21 16:42:08.341 +0300,,,,,,,,,,,,,,,,,,,,
Флюс для пайки «Кислота ортофосфорная»,,Пайка: флюс,,,,297,298,0,,2025-10-03 22:20:34.107 +0300,,,,,л,,,,,,,,,,,,,КЛ-00029710,"",""
Флюс для пайки «Паяльная кислота»,,Пайка: флюс,,,,299,300,0,,2025-10-03 22:19:42.166 +0300,,,,,л,,,,,,,,,,,,,КЛ-00029706,"",""
Флюс для пайки ФКЭт,,Пайка: флюс,,,,301,302,0,,2025-10-03 22:19:31.729 +0300,,,,,л,,,,,,,,,,,,,КЛ-00029702,"",""
Штырь 102612 ОСТ 37.003.032-88,,Штыревые контакты по ОСТ 37.003.032-88,,,,303,304,0,,2025-10-03 22:15:25.794 +0300,,,,,шт,,,,,,,,,,,,,"00-00041101","",""
Штырь 282109-1,,Штыревые контакты по ОСТ 37.003.032-88,,,,305,306,0,,2025-10-03 22:11:45.143 +0300,,,,,шт,,,,,,,,,,,,,"00-00001809","",""
Этикетка 100х100 для печати,,Этикетки,,,,307,308,0,,2025-10-17 11:09:55.103 +0300,,,,,,,,,,,,,,,,,,,,
