"item_ptr_id","image","image_height","image_width","short_name","imagef","imagef_height","imagef_width","erp_code","qr_id","barcode_id","barcode_number","passport_label_template_id","opposite_item_id"
Вилка ПС300А3-150 ГОСТ 9200-76,img/ПС-300А3-150_Z4q68Ni.png,800,800,ПС-300А3-150,"",,,"00-00071053","6000W",,,,
ППР-150.04.00.030Б Кабель с датчиками,,1123,794,,,1123,794,"00-00183470",,,,,
Разветвитель 9806082,img/9806082.png,800,800,"9806082","",,,КЛ-00023987,,,,,
Вилка ПС300А3 ГОСТ 9200-76,img/ПС-300_fcgYi15.png,600,600,ПС-300А3,img/ПС-300_F.png,600,600,"00-00086002","6000X",,,,Розетка ПС-300А3-100 ГОСТ 9200-76
Трубка гофрированная 40910В ТУ 2247-002-47022248-2008,,1123,794,"4О910В",,1123,794,"00-00286993","60013",,,,
Гнездо 202212 ОСТ 37.003.032-88,img/202212.png,200,400,"202212",img/202212_F.png,200,400,"00-00041099","60005",,,,
Гнездо 202613 ОСТ 37.003.032-88,img/202613.png,200,400,"202613",img/202613_F.png,200,400,"00-00152693","6000H",,,,
Адаптер 7807490,img/7807490.png,500,500,"7807490","",,,КЛ-00023931,"60002",,,,
Гнездо 203613 ОСТ 37.003.032-88,img/203613.png,450,900,"203613",img/203613_F.png,450,900,"00-00133232","6000K",,,,
Гнездо 203612 ОСТ 37.003.032-88,img/203612.png,900,900,"203612",img/203612_F.png,450,900,"00-00150338","6000J",,,,
Гнездо 282110-1,img/282110-1.png,250,500,"282110-1",img/282110-1_F.png,400,800,"00-00001811","6000L",,,,
Колодка гнездовая 602606 ОСТ 37.003.032-88,img/602606.png,400,400,"602606",img/602606_F.png,400,400,"00-00133239","6000N",,,,
Штырь 102612 ОСТ 37.003.032-88,,,,"102612","",,,"00-00041101","60017",,,,
Колодка гнездовая SS 282088-1,img/282088-1.png,400,400,"282088-1",img/282088-1_F.png,400,400,"00-00152703","6000O",,,,
Колодка штыревая 502606 ОСТ 37.003.032-88,img/502606.png,400,400,"502606",img/502606_F.png,400,400,"00-00133234","6000P",,,,
Контакт 282110-1,img/282110-1.png,250,500,"282110-1",img/282110-1_F.png,250,500,"00-00213785","6000S",,,,
МД-800.10.040Б Жгут,,1123,794,,,1123,794,КЛ-00023883,,"2000068450043","2000068450043",,
Корпус разъёма гнездовой 5 кон. 282089-1,img/282089-1.png,946,946,"282089-1","",,,"00-00001812","6000U",,,,
Корпус разъёма штырьевой 5 кон. 282107-1,img/282107-1.png,275,275,"282107-1","",,,"00-00001808","6000V",,,,
Разветвитель 9806138,img/9806138.png,800,800,"9806138","",,,"00-00207775",,,,,
БВ-061.10.030А Жгут,,1123,794,,,1123,794,КЛ-00022946,"60006","2000068450074","2000001648827",1,
Контакт  - гнездо – 282110-1,img/282110-1.png,250,500,"282110-1",img/282110-1_F.png,250,500,"00-00118096","6000R",,,,
ПМА-4000.10.200 Жгут,,1123,794,,,1123,794,КЛ-00022960,,,"2000068450067",,
Адаптер PA66 AMP4-SS 7807039,img/7807039.png,500,500,"7807039","",,,КЛ-00024201,"6000F",,,,
ДХ-1080.10.010А Жгут,,1123,794,,,1123,794,КЛ-00022971,,"2000068450098","2000068450098",,
Разветвитель 9806133,img/9806133.jpg,800,800,"9806133","",,,КЛ-00023986,,,,,
ППР-150.04.00.090Б Кабель к пульту,,,,,"",,,"00-00297337",,,,,
Припой Прв КР3 ПОС 61 ГОСТ 21931-76,"",,,,"",,,"00-00133274","60021",,,,
ППР-150.04.00.340В Кабель фонарей,,,,,"",,,КЛ-00023859,,,,,
"Провод ПВА-1,0-К ГОСТ 9751-77",,,,"ПВА:1,0-К","",,,"00-00133245",,,,,
Провод ПВА-1.0-Б ГОСТ 9751-77,,,,"ПВА:1,0-Б","",,,"00-00133246",,,,,
Провод ПВА-1.0-Ж ГОСТ 9751-77,,,,"ПВА:1,0-Ж","",,,"00-00133247",,,,,
Провод ПВА-1.0-З ГОСТ 9751-77,,,,"ПВА:1,0-З","",,,"00-00133248",,,,,
Провод ПВА-1.0-Ч ГОСТ 9751-77,,,,"ПВА:1,0-Ч","",,,"00-00133249",,,,,
"Провод ПВАМ – 0,75-З ТУ 16.К05-015-2002",,,,"ПВАМ:0,75-З","",,,КЛ-00023942,"60009",,,,
"Провод ПВАМ – 1,0-Б ТУ 16.К05-015-2002",,,,"ПВАМ:1,0-Б","",,,"00-00060822","6000C",,,,
"Провод ПВАМ – 1,0-З ТУ 16.К05-015-2002",,,,"ПВАМ:1,0-З","",,,КЛ-00023937,"6000D",,,,
"Провод ПВАМ – 1,0-К ТУ 16.К05-015-2002",,,,"ПВАМ:1,0-К","",,,"00-00060820",,,,,
Разветвитель 9806180,img/9806180.png,800,800,"9806180","",,,КЛ-00023980,,,,,
Разветвитель 9810100,img/9810100.png,800,800,"9810100","",,,КЛ-00023985,,,,,
ПМА-4000.10.000A-01 Коммуникации электрические,,1123,794,,,1123,794,"00-00194098",,,,,
Скоба 2108-3724601,,,,"2108-3724601","",,,"00-00202144",,,,,
Скоба 2108-3724602,,,,"2108-3724602","",,,"00-00202145",,,,,
"Трубка 305 ТВ40, 8 белая первого сорта ГОСТ 19034-82",,,,ТВ-40 8 белая,"",,,"00-00269143",,,,,
Трубка гибка гофрированная 4Р910В ТУ 2247-002-47022248-2008,,,,"4Р910В","",,,"00-00001810",,,,,
Трубка гибкая гофрированная 4Р907В  ТУ 2247-002-47022248-2006,,,,"4Р907В","",,,"00-00043584",,,,,
Вилка 2РМДТ 24КПН10Ш5В1В ГЕО 364.126.ТУ,,,,,"",,,"00-00049957","60015",,,,
Трубка гофрированная 4О908В ТУ 2247-002-47022248-2008,,,,"4О908В","",,,КЛ-00023919,,,,,
Трубка гофрированная ДКС 4Р904В,,,,"4Р904В","",,,"00-00044344",,,,,
"Трубка термоусадочная ТТК-(3:1)-4,8/1,6, черная (КВТ) ТУ 2247-021-97284872-2006",,,,"ТТК-4,8/1,6 черная","",,,КЛ-00023968,,,,,
Трубка термоусадочная ТУТ-12/6 желтая (КВТ) ТУ 2247-011-79523310-2006,,,,ТУТ-12/6 жёлтая,"",,,"00-00060846",,,,,
Трубка термоусадочная ТУТ-12/6 зеленая (КВТ) ТУ 2247-011-79523310-2006,,,,ТУТ-12/6 зелёная,"",,,"00-00060847",,,,,
Гнездо 203612-11 ОСТ 37.003.032-88,img/203612-11.png,450,900,"203612-11",img/203612-11_F.png,450,900,КЛ-00023121,"6000I",,,,
Флюс для пайки «Паяльная кислота»,,,,,"",,,КЛ-00029706,"6001A",,,,
Колодка штырьевая 502602 ОСТ 37.003.032-88,img/502602.png,400,400,"502602",img/502602_F.png,400,400,"00-00204183","6000Q",,,,
Наконечник 45 7373 8529 ОСТ 37.003.040-81,img/45_7373_8529.png,367,400,,img/45_7373_8529_F.png,200,400,"00-00070960","60003",,,,
Розетка ПС-300А3-100 ГОСТ 9200-76,img/ПС-300А3_Розетка.png,600,600,ПС-300А3-100,"",,,"00-00070956","60020",,,,Вилка ПС300А3 ГОСТ 9200-76
ППР-150.04.00.300 Кабель питания фонарей,,,,,"",,,КЛ-00023873,,,,,
"Провод ПВА-1,0-Кр ГОСТ 9751-77",,,,"ПВА:1,0-Кр","",,,"00-00067744",,,,,
Разветвитель 9806168,img/9806168.png,800,800,"9806168","",,,КЛ-00023982,,,,,
"Провод ПВАМ – 0,75-Ж ТУ 16.К05-015-2002",,,,"ПВАМ:0,75-Ж","",,,КЛ-00023940,"60008",,,,
"Провод ПВАМ – 0,75-Б ТУ 16.К05-015-2002",,1123,794,"ПВАМ:0,75-Б",,1123,794,"00-00235480","60007",,,,
"Провод ПВАМ – 1,0 Ж ТУ 16.К05-015-2002",,,,"ПВАМ:1,0-Ж",,,,"",,,,,
Адаптер 7807192 (NW4.5),img/7807192_.png,800,800,"7807192","",,,"00-00202134","60001","2000001648810","2000001648810",,
"Провод ПВАМ – 1,0-Ч ТУ 16.К05-015-2002",,,,"ПВАМ:1,0-Ч","",,,"00-00060821",,,,,
Трубка гофрированная 4О910В ТУ 2247-002-47022248-2008,,1123,794,"4О910В",,1123,794,"00-00286993","60011",,,,
Уплотнитель на провод 281934-2,img/281934-2.png,350,700,"281934-2",img/281934-2_F.png,350,700,"00-00152749",,,,,
Безконтактный выключатель (нормально разомкнутый) ВБИ-М18-44У-2111-Л,,,,ВБИ-М18-44У-2111-Л,"",,,"00-00133231","60014",,,,
"Трубка 305 ТВ-40, 8, черная, первого сорта ГОСТ 19034-82",,,,ТВ-40 8 белая,"",,,"00-00252066",,,,,
"Трубка 305 ТВ40, 10 белая первого сорта ГОСТ 19034-82",,,,ТВ-40 10 белая,"",,,"00-00133244",,,,,
Трубка гибкая гофрированная 4Р904В  ТУ 2247-002-47022248-2008,,,,"4Р904В","",,,"00-00207785",,,,,
ПМА-5000.14.10.000 Коммуникации электрические,,1123,794,,,1123,794,"00-00150647",,,,,
"Трубка термоусадочная ТТК-(3:1)-12/4, черная (КВТ) ТУ 2247-021-97284872-2006",,,,ТТК-12/4 черная,"",,,КЛ-00023969,,,,,
"Трубка термоусадочная ТТК-(3:1)-25/8, черная (КВТ) ТУ 2247-021-97284872-2006",,,,ТТК-25/8 черная,"",,,КЛ-00023970,,,,,
"Трубка термоусадочная ТТК-(4:1)-16/4, черная (КВТ) ТУ 2247-021-97284872-2006",,,,ТТК-16/4 черная,"",,,"00-00060842",,,,,
"Трубка термоусадочная ТТК-(4:1)-6/1,5, черная (КВТ) ТУ 2247-021-97284872-2006",,,,"ТТК-16/1,5 черная","",,,КЛ-00023965,,,,,
"Трубка термоусадочная ТТК-(4:1)-8/2, черная (КВТ) ТУ 2247-021-97284872-2006",,,,ТТК-8/2 черная,"",,,КЛ-00023966,,,,,
"Трубка термоусадочная ТУТ-16/8, желтая (КВТ) ТУ 2247-011-79523310-2006",,,,ТУТ-16/8 жёлтая,"",,,КЛ-00023971,,,,,
"Трубка термоусадочная ТУТ-16/8, зеленая (КВТ) ТУ 2247-011-79523310-2006",,,,ТУТ-16/8 зелёная,"",,,КЛ-00023972,,,,,
ППР-150.04.00.000 Установка электрооборудования,,1123,794,,,1123,794,"00-00183469",,,,,
БВ-061.10.000 Коммуникации электрические,,1123,794,,,1123,794,"00-00033114",,,,,
Флюс для пайки «Кислота ортофосфорная»,,1123,794,,,1123,794,КЛ-00029710,"6001B",,,,
Флюс для пайки ФКЭт,,,,,"",,,КЛ-00029702,"60019",,,,
Трубка гофрированная 4О907В ТУ 2247-002-47022248-2008,,1123,794,"4О907В",,1123,794,"00-00235482",,,,,
Адаптер 7807492,img/7807492.png,425,425,"7807492","",,,КЛ-00023928,"6000E",,,,
Штырь 282109-1,,,,"282109-1","",,,"00-00001809","60016",,,,
Безконтактный выключатель (нормально замкнутый) ВБИ-М18-44У-2112-Л,,,,ВБИ-М18-44У-2112-Л,"",,,"00-00133230",,,,,
Гнездо 202612-11 ОСТ 37.003.032-88,img/202612-11.png,200,400,"202612-11",img/202612-11_F.png,200,400,КЛ-00023118,"6000G",,,,
Вилка ПС 300А-150 ГОСТ 92000,img/ПС-300А3-150.png,800,800,"300А-150","",,,"00-00258326","6000Y",,,,
"Провод ПВАМ – 0,75-Ч ТУ 16.К05-015-2002",,1123,794,"ПВАМ:0,75-Ч",,1123,794,"00-00235481","6000B",,,,
Уплотнитель провода 281934-2,img/281934-2.png,350,700,"281934-2",img/281934-2_F.png,350,700,"00-00213786",,,,,
Наконечник 45 7373 8528 ОСТ 37.003.040-81,img/45_7373_8528.png,367,400,,img/45_7373_8528_F.png,200,400,"00-00298508","60004",,,,
Разветвитель 9806105 Schlemmer,img/9806105.png,800,800,"9806105","",,,"00-00152735",,,,,
"ППР-150.04.00.320А Кабель ""Розетка-колодка штыревая""",,,,,"",,,КЛ-00023634,,,,,
"Провод ПВА-1,0-С ГОСТ 9751-77",,,,"ПВА:1,0-С","",,,"00-00112067",,,,,
Разветвитель 9806170,img/9806170.png,800,800,"9806170","",,,КЛ-00023983,,,,,
Розетка 2РМДТ 24 БПН10Г5В1В ГЕО 364.126.ТУ,,,,,"",,,"00-00133261",,,,,
"Трубка 305 ТВ-40, 12, белая первого сорта ГОСТ 19034-82",,,,ТВ-40 12 белая,"",,,"00-00001480",,,,,
Флюс ЛТИ-120,,,,,"",,,"00-00081751","60018",,,,
Колодка гнездовая 602604 ОСТ 37.003.032-88,img/602604.png,400,400,"602604",img/602604_F.png,400,400,"00-00085928","6000M",,,,
Корпус разъёма гнездовой 2 конт. 282080-1,img/282080-1.png,800,800,"282080-1","",,,"00-00152726","6000T",,,,
Трубка гофрированная 40907В ТУ 2247-002-47022248-2008,,1123,794,"4О907В",,1123,794,"00-00235482","60012",,,,
"Провод ПВАМ-1,5-Г ТУ 16.К05-015-2002",,,,"ПВАМ-1,5-Г",,,,,"6001M",,,,
"Провод ПВАМ-1,5-Б ТУ 16.К05-015-2002",,,,,,,,,"6001L",,,,
Уплотнитель провода 281934-3,,,,,,,,,"6000K",,,,
ППР-150.04.00.200А Кабель,,1123,794,,,1123,794,"00-00183471",,,"2000068450081",,
ДХ-1080.10.000А Коммуникации электрические,,1123,794,,,,,"00-00141771",,"2000068450036","2000068450036",,
"Провод ПВАМ – 1,0-Ж ТУ 16.К05-015-2002",,1123,794,"ПВАМ:1,0-Ж",,1123,794,КЛ-00023939,,,,,
ПМА 4000.10.030 Жгут фонарей,,1123,794,,,1123,794,КЛ-00022944,"6001D",,,1,
ОП-3200-24.01.11.210В Жгут А,,1123,794,"",,1123,794,КЛ-00039590,"6001E",,,,
"Провод ПВАМ-2,5-Г ТУ 16.К05-015-2002",,1123,794,"ПВАМ:2,5-Г",,1123,794,"","6001O",,,,
ПМА-4000.10.010 Жгут А,,1123,794,,,1123,794,КЛ-00022953,,,"2000068450104",,
"Провод ПВАМ – 0,75-К ТУ 16.К05-015-2002",,1123,794,"ПВАМ:0,75-К",,1123,794,"00-00187678","6000A",,,,
Контакт штыревой 282109-1,,1123,794,"282109-1",,1123,794,"","6001H",,,,
Трубка термоусадочная ТТК-(3:1)-30/10 черная (КВТ) ТУ 2247-021-97284872-2006,,1123,794,ТТК-(3:1)-30/10,,1123,794,"","6001P",,,,
"Провод ПВАМ-2,5-Б ТУ 16.К05-015-2002",,1123,794,"ПВАМ:2,5-Б",,1123,794,"","6001N",,,,
Контакт штыревой 282465-1,,1123,794,"282465-1",,1123,794,"","6001I",,,,
wqefdwqedew,"",1123,794,,"",1123,794,,"6001E",,,,
